<?xml version="1.0" encoding="utf-8" ?>
<Defs>

  <CalloutsExpanded.CalloutConstantByThingDef> <!-- Adds an extra constant that's true or false based on ThingDef of the Pawn calling out -->
	<defName>CalloutsExpanded_BigCats</defName>
	<thingDefs>
	  <li>Cougar</li>
    </thingDefs>
	<name>COUGAR</name>
	<value>true</value>
  </CalloutsExpanded.CalloutConstantByThingDef>
  
  <CalloutsExpanded.CalloutConstantByPawnkindDef> <!-- Adds an extra constant that's true or false based on PawnKindDef of the Pawn calling out -->
	<defName>CalloutsExpanded_Pirates</defName> 
	<pawnKindDefs>
	  <li>Drifter</li>
	  <li>Thrasher</li>
	  <li>Scavenger</li>
    </pawnKindDefs>
	<name>PIRATE</name>
	<value>true</value>
  </CalloutsExpanded.CalloutConstantByPawnkindDef>
  
  <CalloutsExpanded.CalloutConstantByHediffDef> <!-- Adds an extra constant that's true or false based on HediffDefs of the Pawn calling out -->
	<defName>CalloutsExpanded_Mechanites</defName>
	<hediffDefs>
	  <li>Scaria</li>
    </hediffDefs>
	<name>SCARIA</name>
	<value>true</value>
  </CalloutsExpanded.CalloutConstantByHediffDef>
  
  <CalloutsExpanded.CalloutConstantByHediffStage> <!-- Adds an extra constant that's true or false based on Hediff Stage of the Pawn calling out -->
	<defName>CalloutsExpanded_ExtremeInfection</defName>
	<hediffsAndStages>
	  <li>
		<hediffDef>WoundInfection</hediffDef>
		<stage>2</stage>
	  </li>
	  <li>
		<hediffDef>WoundInfection</hediffDef>
		<stage>3</stage>
	  </li>
    </hediffsAndStages>
	<name>EXTREMEINFECTION</name>
	<value>true</value>
  </CalloutsExpanded.CalloutConstantByHediffStage>
  
  <CalloutsExpanded.CalloutConstantByNeedDef> <!-- Adds an extra constant that's true or false based on Hediff Stage of the Pawn calling out -->
	<defName>CalloutsExpanded_Unhappy</defName>
	<needDef>Mood</needDef>
	<needLevel>0.5</needLevel>
	<aboveLevel>false</aboveLevel> <!-- If true, callouts happen if the need is above needLevel. If false, the opposite. -->
	<name>UNHAPPY</name>
	<value>true</value>
  </CalloutsExpanded.CalloutConstantByNeedDef>
</Defs>