﻿<?xml version="1.0" encoding="utf-8" ?>
<Defs>
 
  <RulePackDef>
    <defName>CM_Callouts_RulePack_Interaction_Animal_Common</defName>
	<include>
	  <li>CM_Callouts_Common</li>
    </include>
    <rulePack>
      <rulesStrings>
	    
		<li>callout_noun_diminutive_person(INITIATOR_gender==Male,BONDED==true)->daddy</li>
		<li>callout_noun_diminutive_person(INITIATOR_gender==Female,BONDED==true)->mommy</li>
		
		<li>callout_noun_diminutive_animal->[RECIPIENT_kind]</li>
		<li>callout_noun_diminutive_animal(RECIPIENT_gender==Male)->boy</li>
		<li>callout_noun_diminutive_animal(RECIPIENT_gender==Female)->girl</li>
		<!--<li>callout_noun_diminutive_animal->baby</li>-->
		<li>callout_noun_diminutive_animal->buddy</li>
		
      </rulesStrings>
    </rulePack>
  </RulePackDef>
 
  <!-- Nuzzle interaction -->

  <!-- Note that for nuzzle interactions, the initiator and recipient are reversed so it can share logic with other animal interactions -->
  
    <RulePackDef>
    <defName>CM_Callouts_RulePack_Interaction_Animal_Nuzzle_Initiated</defName>
	<include>
	  <li>CM_Callouts_RulePack_Interaction_Animal_Common</li>
    </include>
    <rulePack>
      <rulesStrings>
		<!-- INITIATOR -->
		<!-- RECIPIENT -->
		<li>rule->what a sweet [callout_noun_diminutive_animal] you are!</li>
		<li>rule->who's a good [callout_noun_diminutive_animal]?</li>
		<li>rule->who's the best [RECIPIENT_kind] ever?</li>
		<li>rule->who's [callout_noun_diminutive_person]'s little [callout_noun_diminutive_animal]?</li>
		
      </rulesStrings>
    </rulePack>
  </RulePackDef>
  
  <RulePackDef>
    <defName>CM_Callouts_RulePack_Interaction_Animal_Nuzzle_Received</defName>
	<include>
	  <li>CM_Callouts_RulePack_Interaction_Animal_Common</li>
    </include>
    <rulePack>
      <rulesStrings>
		
		<li>rule->I can haz treat?</li>
		<li>rule->who's a good [INITIATOR_alienRace]?</li>
		<li>rule->rub my belly now, you fool!</li>
		<li>rule->come here and love on me, ya big dummy!</li>
		
      </rulesStrings>
    </rulePack>
  </RulePackDef>
  
  <!-- Feeding an animal -->

  <RulePackDef>
    <defName>CM_Callouts_RulePack_Interaction_Animal_Feed_Initiated</defName>
	<include>
	  <li>CM_Callouts_RulePack_Interaction_Animal_Common</li>
    </include>
    <rulePack>
      <rulesStrings>
		<!-- INITIATOR -->
		<!-- RECIPIENT -->
		<!-- FOOD -->
		<li>rule->who wants a treat?</li>
		<li>rule->how about some yummy [FOOD_label]?</li>
		<li>rule->hey there [callout_noun_diminutive_animal], how would you like some [FOOD_label]?</li>
		<li>rule->hey there [callout_noun_diminutive_animal], I'm not gonna hurt ya...</li>
		<li>rule->nice and steady...</li>
		
      </rulesStrings>
    </rulePack>
  </RulePackDef>
  
  <RulePackDef>
    <defName>CM_Callouts_RulePack_Interaction_Animal_Feed_Received</defName>
	<include>
	  <li>CM_Callouts_RulePack_Interaction_Animal_Common</li>
    </include>
    <rulePack>
      <rulesStrings>
	  
	    <li>callout_curse_positive->damn</li>
		<li>callout_curse_positive->snap</li>
		<li>callout_curse_positive(MILD!=true)->shit</li>

		<li>rule->oh [callout_curse_positive], is that [FOOD_label]?</li>
		<li>rule->hell yeah, gimme some of that [FOOD_label]!</li>
		<li>rule->yum [FOOD_label], my favorite!</li>
		<li>rule->alright [INITIATOR_alienRace], you've piqued my interest...</li>
		<li>rule->is that for me?</li>
		
      </rulesStrings>
    </rulePack>
  </RulePackDef>
  
  <!-- Taming an animal -->

  <RulePackDef>
    <defName>CM_Callouts_RulePack_Interaction_Animal_Tame_Success_Initiated</defName>
	<include>
	  <li>CM_Callouts_RulePack_Interaction_Animal_Common</li>
    </include>
    <rulePack>
      <rulesStrings>
		<!-- INITIATOR -->
		<!-- RECIPIENT -->
		<li>rule->come on [callout_noun_diminutive_animal], lets go home.</li>
		<li>rule->come on [RECIPIENT_name], lets go home.</li>
		
      </rulesStrings>
    </rulePack>
  </RulePackDef>
  
  <RulePackDef>
    <defName>CM_Callouts_RulePack_Interaction_Animal_Tame_Success_Received</defName>
	<include>
	  <li>CM_Callouts_RulePack_Interaction_Animal_Common</li>
    </include>
    <rulePack>
      <rulesStrings>
	  
		<li>rule->why the hell not?</li>
		<li>rule->where the [drug] at?</li>
		<li>rule->alright [INITIATOR_name], lead the way.</li>
		
		<li>drug->yayo</li>
		<li>drug->beer</li>
		<li>drug->smokeleaf</li>
		<li>drug->psychite</li>
		<li>drug->flake</li>
		<li>drug->go juice</li>
		
      </rulesStrings>
    </rulePack>
  </RulePackDef>
  
  <!-- Training an animal -->

  <RulePackDef>
    <defName>CM_Callouts_RulePack_Interaction_Animal_Train_Success_Initiated</defName>
	<include>
	  <li>CM_Callouts_RulePack_Interaction_Animal_Common</li>
    </include>
    <rulePack>
      <rulesStrings>
		<!-- INITIATOR -->
		<!-- RECIPIENT -->
		<li>rule->excellent work, [RECIPIENT_name]!</li>
		<li>rule->nice job, [callout_noun_diminutive_animal]!</li>
		<li>rule->what a smart [callout_noun_diminutive_animal] you are!</li>
		<li>rule->you're [callout_noun_diminutive_person]'s brilliant little [RECIPIENT_kind], yes you are!</li>
		
      </rulesStrings>
    </rulePack>
  </RulePackDef>
  
  <RulePackDef>
    <defName>CM_Callouts_RulePack_Interaction_Animal_Train_Success_Received</defName>
	<include>
	  <li>CM_Callouts_RulePack_Interaction_Animal_Common</li>
    </include>
    <rulePack>
      <rulesStrings>
	  
		<li>rule->all in a day's work.</li>
		<li>rule->NOW can I have some [drug]?</li>
		<li>rule->I guess an old [INITIATOR_alienRace] can teach you new tricks!</li>
		
		<li>drug->yayo</li>
		<li>drug->beer</li>
		<li>drug->smokeleaf</li>
		<li>drug->psychite</li>
		<li>drug->flake</li>
		<li>drug->go juice</li>
		
      </rulesStrings>
    </rulePack>
  </RulePackDef>
  
  <!-- Tending an animal -->

  <RulePackDef>
    <defName>CM_Callouts_RulePack_Interaction_Animal_Tend_Initiated</defName>
	<include>
	  <li>CM_Callouts_RulePack_Interaction_Animal_Common</li>
    </include>
    <rulePack>
      <rulesStrings>
		<!-- INITIATOR -->
		<!-- RECIPIENT -->
		<li>rule->everything's going to be alright, [RECIPIENT_name].</li>
		<li>rule->don't worry little [callout_noun_diminutive_animal], I've got you.</li>
		
      </rulesStrings>
    </rulePack>
  </RulePackDef>
  
  <RulePackDef>
    <defName>CM_Callouts_RulePack_Interaction_Animal_Tend_Received</defName>
	<include>
	  <li>CM_Callouts_RulePack_Interaction_Animal_Common</li>
    </include>
    <rulePack>
      <rulesStrings>
	  
		<li>rule->seriously, bring me some [drug].</li>
		<li>rule->thanks. You're alright for a [INITIATOR_alienRace]!</li>
		
		<li>drug->yayo</li>
		<li>drug->beer</li>
		<li>drug->smokeleaf</li>
		<li>drug->psychite</li>
		<li>drug->flake</li>
		<li>drug->go juice</li>
		
      </rulesStrings>
    </rulePack>
  </RulePackDef>
  
  <!-- Feeding a wounded animal -->

  <RulePackDef>
    <defName>CM_Callouts_RulePack_Interaction_Animal_Feed_Wounded_Initiated</defName>
	<include>
	  <li>CM_Callouts_RulePack_Interaction_Animal_Common</li>
    </include>
    <rulePack>
      <rulesStrings>
		<!-- INITIATOR -->
		<!-- RECIPIENT -->
		<!-- FOOD -->
		<li>rule->open wide, here comes the airplane!</li>
		<li>rule->hey there [callout_noun_diminutive_animal], how would you like some [FOOD_label]?</li>
		<li>rule->hey there [callout_noun_diminutive_animal], everything is going to be alright...</li>
		<li>rule->nice and steady...</li>
		<li>rule->have some [FOOD_label], [callout_noun_diminutive_animal]. You'll be good as new in no time.</li>
		
      </rulesStrings>
    </rulePack>
  </RulePackDef>
  
  <RulePackDef>
    <defName>CM_Callouts_RulePack_Interaction_Animal_Feed_Wounded_Received</defName>
	<include>
	  <li>CM_Callouts_RulePack_Interaction_Animal_Common</li>
    </include>
    <rulePack>
      <rulesStrings>
	  
		<li>rule->oh [callout_curse_positive], is that [FOOD_label]?</li>
		<li>rule->hell yeah, gimme some of that [FOOD_label]!</li>
		<li>rule->yum [FOOD_label], my favorite!</li>
		<li>rule->alright [INITIATOR_alienRace], you've piqued my interest...</li>
		<li>rule->[callout_noun_meal] in bed? Don't mind if I do...</li>
		
      </rulesStrings>
    </rulePack>
  </RulePackDef>
  
  <!-- Slaughtering an animal -->

  <RulePackDef>
    <defName>CM_Callouts_RulePack_Interaction_Animal_Slaughter_Initiated</defName>
	<include>
	  <li>CM_Callouts_RulePack_Interaction_Animal_Common</li>
    </include>
    <rulePack>
      <rulesStrings>
		<!-- INITIATOR -->
		<!-- RECIPIENT -->
    <li>rule->I'm sorry, little one.</li>
		<li>rule->see you on the other side, [RECIPIENT_name].</li>
		<li>rule->sorry [callout_noun_diminutive_animal], but it's got to be done.</li>
		<li>rule->thank you for your sacrifice, [callout_noun_diminutive_animal].</li>
		<li>rule(SPICY==true)->guess what I'm having for [callout_noun_meal]? You!</li>
		
      </rulesStrings>
    </rulePack>
  </RulePackDef>
  
  <RulePackDef>
    <defName>CM_Callouts_RulePack_Interaction_Animal_Slaughter_Received</defName>
	<include>
	  <li>CM_Callouts_RulePack_Interaction_Animal_Common</li>
    </include>
    <rulePack>
      <rulesStrings>
	  
	    <li>rule->was I a good [RECIPIENT_kind]?</li>
		<li>rule(BONDED==true)->et tu, [INITIATOR_name]?</li>
		<li>rule->I'll say hello to [callout_noun_afterlife_greeter] for you...</li>
		<li>rule->my time has come...</li>
		<li>rule(SPICY==true,p=2)->I hope you choke on me, [callout_insult]!</li>

      </rulesStrings>
    </rulePack>
  </RulePackDef>

</Defs>







